feature,rf_importance,gb_importance
operating_speed_score,0.3159613614611962,0.37577248642572353
road_function_score,0.20383051641932548,0.23745461118129965
exposure_score,0.2215184768555811,0.1688026540841851
human_tolerance_limit,0.11587194417063958,0.16010954635489177
infrastructure_score,0.14281770109325764,0.05786070195389993
