model,accuracy,precision,recall,f1,cv_acc
Random Forest,0.726457399103139,0.7107363172385593,0.726457399103139,0.718098075421147,0.7238516543449279
Gradient Boosting,0.7399103139013453,0.7092553450242715,0.7399103139013453,0.7170301005304963,0.7508665616288935
